City_ID,City,Lat,Lng,Max Temp,Humidity,Cloudiness,Wind Speed,Country,Date
0,Saint-Augustin,51.226,-58.6502,39.87,92,100,21.07,CA,2022-05-31 23:19:53
1,Rikitea,-23.1203,-134.9692,76.66,76,57,9.73,PF,2022-05-31 23:19:53
2,New Norfolk,-42.7826,147.0587,49.66,85,97,4.0,AU,2022-05-31 23:19:53
3,Rawson,-43.3002,-65.1023,46.09,64,90,14.97,AR,2022-05-31 23:19:54
4,Cockburn Town,21.4612,-71.1419,80.24,82,86,18.16,TC,2022-05-31 23:19:54
5,Baruun-Urt,46.6806,113.2792,58.5,44,95,8.52,MN,2022-05-31 23:19:54
6,Port Alfred,-33.5906,26.891,56.88,72,11,15.9,ZA,2022-05-31 23:19:54
7,Ushuaia,-54.8,-68.3,38.86,81,20,16.11,AR,2022-05-31 23:17:36
8,Chaihe,44.7667,129.7,53.02,79,90,6.93,CN,2022-05-31 23:19:55
9,Saint George,37.1041,-113.5841,86.63,10,0,12.66,US,2022-05-31 23:17:02
10,Rochelle,46.25,-1.0,57.29,51,0,8.05,FR,2022-05-31 23:19:55
11,East London,-33.0153,27.9116,58.26,58,9,15.32,ZA,2022-05-31 23:16:07
12,Lebu,-37.6167,-73.65,43.29,79,0,7.11,CL,2022-05-31 23:19:55
13,Waitati,-45.75,170.5667,54.81,63,100,5.44,NZ,2022-05-31 23:19:55
14,Aykhal,66.0,111.5,54.0,38,53,9.93,RU,2022-05-31 23:19:56
15,Los Llanos De Aridane,28.6585,-17.9182,65.95,87,0,9.22,ES,2022-05-31 23:19:56
16,Saskylakh,71.9167,114.0833,26.35,91,94,7.05,RU,2022-05-31 23:19:56
17,Golpayegan,33.4537,50.2884,63.23,17,27,7.16,IR,2022-05-31 23:19:56
18,Ponta Do Sol,32.6667,-17.1,67.01,86,68,9.66,PT,2022-05-31 23:19:57
19,Qaanaaq,77.484,-69.3632,24.96,76,8,1.23,GL,2022-05-31 23:19:57
20,Vila Velha,-20.3297,-40.2925,75.15,89,20,9.22,BR,2022-05-31 23:19:57
21,Ostrovnoy,68.0531,39.5131,37.33,86,14,2.08,RU,2022-05-31 23:19:57
22,Caraballeda,10.6112,-66.8522,89.67,62,75,3.44,VE,2022-05-31 23:19:58
23,Samarai,-10.6167,150.6667,80.94,81,90,9.48,PG,2022-05-31 23:19:58
24,Saint-Philippe,-21.3585,55.7679,69.39,76,45,12.26,RE,2022-05-31 23:19:58
25,Hoshcha,50.6003,26.6744,49.46,94,49,7.9,UA,2022-05-31 23:19:59
26,Weinan,34.5036,109.5089,73.85,45,53,1.79,CN,2022-05-31 23:19:59
27,Busselton,-33.65,115.3333,52.38,78,92,5.28,AU,2022-05-31 23:19:59
28,Constitucion,-35.3333,-72.4167,45.0,69,0,7.25,CL,2022-05-31 23:15:56
29,Albany,42.6001,-73.9662,86.65,47,100,10.25,US,2022-05-31 23:15:15
30,Banda Aceh,5.5577,95.3222,79.27,78,99,13.89,ID,2022-05-31 23:19:59
31,Asahikawa,43.7678,142.3703,51.01,87,75,6.91,JP,2022-05-31 23:20:00
32,Vestmanna,62.1564,-7.1664,41.92,87,22,2.3,FO,2022-05-31 23:20:00
33,Beloha,-25.1667,45.05,62.02,91,0,4.16,MG,2022-05-31 23:20:00
34,Hermanus,-34.4187,19.2345,54.91,67,31,9.57,ZA,2022-05-31 23:20:01
35,Esperance,-33.8667,121.9,56.32,66,100,6.15,AU,2022-05-31 23:20:01
36,Adana,36.985,35.2881,73.92,94,75,3.44,TR,2022-05-31 23:16:09
37,Cherskiy,68.75,161.3,62.15,43,98,17.74,RU,2022-05-31 23:20:02
38,Half Moon Bay,37.4636,-122.4286,84.02,41,20,23.02,US,2022-05-31 23:15:07
39,Sioux Lookout,50.1001,-91.917,46.38,95,100,17.72,CA,2022-05-31 23:15:10
40,Baglung,28.2719,83.5898,67.57,66,12,5.64,NP,2022-05-31 23:20:03
41,Hithadhoo,-0.6,73.0833,83.34,70,100,11.5,MV,2022-05-31 23:20:03
42,Vaini,-21.2,-175.2,80.76,78,75,8.05,TO,2022-05-31 23:20:04
43,Akdepe,42.0551,59.3788,78.37,19,0,6.67,TM,2022-05-31 23:21:04
44,Fianarantsoa,-21.4333,47.0833,47.66,97,5,0.56,MG,2022-05-31 23:21:06
45,Cape Town,-33.9258,18.4232,52.92,87,0,5.75,ZA,2022-05-31 23:21:06
46,Bethel,41.3712,-73.414,88.65,66,75,0.0,US,2022-05-31 23:19:08
47,Kargasok,59.0556,80.8572,47.01,62,100,8.37,RU,2022-05-31 23:21:07
48,Barrow,71.2906,-156.7887,37.42,87,0,19.57,US,2022-05-31 23:17:02
49,Isangel,-19.55,169.2667,82.11,74,10,4.61,VU,2022-05-31 23:21:07
50,Nikolskoye,59.7035,30.7861,51.71,96,1,4.7,RU,2022-05-31 23:21:07
51,Punta Arenas,-53.15,-70.9167,30.31,93,0,3.44,CL,2022-05-31 23:21:08
52,Tuktoyaktuk,69.4541,-133.0374,32.0,74,75,9.22,CA,2022-05-31 23:21:08
53,Sambir,49.5183,23.1975,52.83,92,93,4.92,UA,2022-05-31 23:21:08
54,Necochea,-38.5473,-58.7368,41.4,67,28,10.89,AR,2022-05-31 23:21:09
55,Mangaluru,12.8667,74.8833,77.86,88,100,0.0,IN,2022-05-31 23:21:09
56,Kabanjahe,3.1001,98.4908,60.46,97,46,4.16,ID,2022-05-31 23:21:09
57,Lieksa,63.3167,30.0167,51.73,95,100,7.72,FI,2022-05-31 23:21:09
58,Doha,25.2867,51.5333,84.18,41,0,3.44,QA,2022-05-31 23:21:10
59,Port Huron,42.9709,-82.4249,86.23,42,0,11.5,US,2022-05-31 23:19:14
60,Kodiak,57.79,-152.4072,51.31,66,75,9.22,US,2022-05-31 23:21:10
61,Victoria,22.2855,114.1577,84.38,85,80,5.01,HK,2022-05-31 23:19:27
62,Avarua,-21.2078,-159.775,75.25,83,75,6.91,CK,2022-05-31 23:21:10
63,Bluff,-46.6,168.3333,53.8,76,99,6.06,NZ,2022-05-31 23:21:11
64,Saint-Joseph,-21.3667,55.6167,68.38,72,29,12.19,RE,2022-05-31 23:21:11
65,Castro,-24.7911,-50.0119,53.65,98,100,9.8,BR,2022-05-31 23:21:11
66,Rincon,32.296,-81.2354,80.56,82,84,6.46,US,2022-05-31 23:21:12
67,Nantucket,41.2835,-70.0995,57.99,83,20,10.36,US,2022-05-31 23:17:35
68,Vuktyl,63.8567,57.3094,48.67,52,27,5.61,RU,2022-05-31 23:21:12
69,Mataura,-46.1927,168.8643,53.47,78,94,3.96,NZ,2022-05-31 23:21:12
70,Fuente Palmera,37.7049,-5.0996,68.95,73,0,4.5,ES,2022-05-31 23:21:13
71,Salalah,17.0151,54.0924,80.96,84,37,6.55,OM,2022-05-31 23:21:13
72,Ugoofaaru,5.6667,73.0,80.44,79,100,20.15,MV,2022-05-31 23:21:13
73,Siniscola,40.5719,9.6922,63.95,70,1,4.63,IT,2022-05-31 23:21:14
74,Durango,24.8333,-104.8333,89.42,11,4,9.22,MX,2022-05-31 23:19:48
75,Port Blair,11.6667,92.75,80.64,89,40,5.75,IN,2022-05-31 23:21:14
76,Dikson,73.5069,80.5464,29.53,91,100,21.72,RU,2022-05-31 23:21:14
77,Miri,4.4148,114.0089,78.94,94,20,5.75,MY,2022-05-31 23:18:58
78,Portland,45.5234,-122.6762,79.95,44,20,8.05,US,2022-05-31 23:19:02
79,Hobart,-42.8794,147.3294,50.02,84,40,12.66,AU,2022-05-31 23:21:15
80,Longyearbyen,78.2186,15.6401,38.07,78,38,4.85,SJ,2022-05-31 23:21:15
81,Ceres,37.5949,-120.9577,88.05,11,0,13.8,US,2022-05-31 23:21:15
82,Korla,41.7597,86.1469,74.41,36,100,12.8,CN,2022-05-31 23:21:16
83,Sola,-13.8833,167.55,81.91,77,53,15.55,VU,2022-05-31 23:21:17
84,Saldanha,-33.0117,17.9442,42.85,69,3,1.88,ZA,2022-05-31 23:21:17
85,Maragogi,-9.0122,-35.2225,76.15,87,7,5.66,BR,2022-05-31 23:21:18
86,San Quintin,30.4833,-115.95,65.98,64,0,14.72,MX,2022-05-31 23:21:18
87,Provideniya,64.3833,-173.3,42.91,81,0,4.47,RU,2022-05-31 23:21:18
88,Miraflores,19.2167,-98.8083,73.98,43,88,7.11,MX,2022-05-31 23:21:19
89,Ancud,-41.8697,-73.8203,40.23,83,5,3.49,CL,2022-05-31 23:19:21
90,Alim,9.5649,122.4876,80.92,81,100,7.72,PH,2022-05-31 23:22:19
91,Payo,-3.7508,103.6372,71.33,96,98,1.7,ID,2022-05-31 23:22:19
92,College,64.8569,-147.8028,80.01,21,75,5.75,US,2022-05-31 23:22:20
93,Tezu,27.9167,96.1667,74.44,90,83,2.46,IN,2022-05-31 23:22:20
94,Dickinson,29.4608,-95.0513,89.15,77,40,18.41,US,2022-05-31 23:18:36
95,Mercedes,-34.6515,-59.4307,42.04,53,67,1.03,AR,2022-05-31 23:22:21
96,Jamestown,42.097,-79.2353,80.24,53,0,10.36,US,2022-05-31 23:22:21
97,Inverell,-29.7833,151.1167,52.66,72,9,5.99,AU,2022-05-31 23:22:21
98,Severo-Kurilsk,50.6789,156.125,43.45,83,97,6.24,RU,2022-05-31 23:22:22
99,Bredasdorp,-34.5322,20.0403,49.77,69,11,7.38,ZA,2022-05-31 23:22:22
100,Chokurdakh,70.6333,147.9167,42.26,80,100,7.87,RU,2022-05-31 23:22:22
101,Punta Alta,-38.8759,-62.0736,42.78,52,0,8.41,AR,2022-05-31 23:22:23
102,Hay River,60.8156,-115.7999,53.58,47,20,14.97,CA,2022-05-31 23:22:23
103,Karatuzskoye,53.6072,92.8667,56.62,81,99,2.42,RU,2022-05-31 23:22:23
104,Craig,40.5153,-107.5464,57.38,41,0,5.75,US,2022-05-31 23:17:35
105,Georgetown,5.4112,100.3354,78.73,98,20,4.61,MY,2022-05-31 23:22:03
106,Mount Isa,-20.7333,139.5,62.37,48,73,8.05,AU,2022-05-31 23:22:24
107,Atuona,-9.8,-139.0333,77.97,73,7,12.03,PF,2022-05-31 23:22:24
108,Tiksi,71.6872,128.8694,31.93,89,100,6.55,RU,2022-05-31 23:22:24
109,Norman Wells,65.282,-126.8329,73.44,33,75,5.75,CA,2022-05-31 23:22:25
110,Tadine,-21.55,167.8833,79.59,79,71,7.61,NC,2022-05-31 23:22:26
111,San Patricio,28.017,-97.5169,89.17,53,13,16.82,US,2022-05-31 23:22:26
112,Karratha,-20.7377,116.8463,61.36,80,98,12.37,AU,2022-05-31 23:22:27
113,Ribeira Grande,38.5167,-28.7,61.2,82,40,11.5,PT,2022-05-31 23:22:27
114,Marquette,46.5333,-87.6335,81.84,52,0,11.86,US,2022-05-31 23:22:28
115,Gweta,-20.1833,25.2333,59.59,30,19,12.28,BW,2022-05-31 23:22:28
116,Nakusp,50.2499,-117.8023,71.94,35,100,3.44,CA,2022-05-31 23:22:28
117,Sao Joao Da Barra,-21.6403,-41.0511,71.44,93,74,9.26,BR,2022-05-31 23:22:28
118,Bambous Virieux,-20.3428,57.7575,74.21,60,40,11.5,MU,2022-05-31 23:22:29
119,Hovd,48.0056,91.6419,63.36,43,98,4.43,MN,2022-05-31 23:22:29
120,Tasiilaq,65.6145,-37.6368,35.76,91,98,0.6,GL,2022-05-31 23:22:29
121,Chuy,-33.6971,-53.4616,42.53,70,57,5.88,UY,2022-05-31 23:22:30
122,Bukama,-9.2,25.85,68.4,55,9,3.27,CD,2022-05-31 23:22:30
123,Katsuura,35.1333,140.3,68.59,73,63,13.29,JP,2022-05-31 23:22:30
124,Mar Del Plata,-38.0023,-57.5575,43.09,64,0,6.91,AR,2022-05-31 23:19:44
125,Dingle,10.9995,122.6711,79.12,87,76,3.47,PH,2022-05-31 23:22:20
126,Fort-Shevchenko,44.5086,50.263,76.21,35,0,8.66,KZ,2022-05-31 23:22:31
127,Hualmay,-11.0964,-77.6139,63.79,79,73,10.2,PE,2022-05-31 23:22:31
128,San Carlos,9.6612,-68.5827,83.62,53,51,2.62,VE,2022-05-31 23:22:31
129,Cabo San Lucas,22.8909,-109.9124,90.61,36,0,9.22,MX,2022-05-31 23:21:39
130,Ozinki,51.1786,49.6769,57.04,69,39,7.31,RU,2022-05-31 23:22:31
131,Mujiayingzi,42.1167,118.7833,62.51,32,1,8.28,CN,2022-05-31 23:22:32
132,Maceio,-9.6658,-35.7353,76.44,94,40,3.44,BR,2022-05-31 23:21:34
133,Roald,62.5833,6.1333,55.9,87,75,10.36,NO,2022-05-31 23:23:32
134,Haines Junction,60.7522,-137.5108,75.15,16,7,6.91,CA,2022-05-31 23:23:32
135,Abalak,58.1286,68.5944,42.39,73,6,8.84,RU,2022-05-31 23:22:29
136,Iqaluit,63.7506,-68.5145,37.13,74,40,3.44,CA,2022-05-31 23:23:33
137,Port Hedland,-20.3167,118.5667,57.25,88,100,11.5,AU,2022-05-31 23:19:48
138,Mabaruma,8.2,-59.7833,74.34,91,86,3.42,GY,2022-05-31 23:23:33
139,Luderitz,-26.6481,15.1594,64.42,33,0,8.19,NA,2022-05-31 23:23:33
140,Puerto Carreno,6.189,-67.4859,78.78,89,75,3.44,CO,2022-05-31 23:23:33
141,Torbay,47.6666,-52.7314,41.88,95,100,17.0,CA,2022-05-31 23:23:34
142,Geraldton,-28.7667,114.6,43.21,87,0,8.05,AU,2022-05-31 23:23:34
143,Arkadelphia,34.1209,-93.0538,90.57,59,40,4.61,US,2022-05-31 23:23:34
144,Whitianga,-36.8333,175.7,65.23,80,5,14.74,NZ,2022-05-31 23:19:23
145,Olafsvik,64.8945,-23.7142,47.8,94,94,2.86,IS,2022-05-31 23:23:34
146,Tulun,54.5611,100.5792,50.95,75,60,2.73,RU,2022-05-31 23:23:35
147,Port Elizabeth,-33.918,25.5701,57.31,65,0,6.91,ZA,2022-05-31 23:23:35
148,Bichura,50.5881,107.6022,54.77,70,91,2.42,RU,2022-05-31 23:23:35
149,Antalaha,-14.9003,50.2788,67.05,83,3,6.91,MG,2022-05-31 23:23:35
150,Kapaa,22.0752,-159.319,82.38,72,0,11.5,US,2022-05-31 23:23:36
151,Pouembout,-21.1333,164.9,83.39,63,93,2.06,NC,2022-05-31 23:23:36
152,Adrar,20.5022,-10.0711,89.56,18,73,22.73,MR,2022-05-31 23:23:36
153,Wenling,28.3669,121.36,69.57,99,100,8.23,CN,2022-05-31 23:23:36
154,Caravelas,-17.7125,-39.2481,73.27,91,9,5.01,BR,2022-05-31 23:23:37
155,Havelock,34.8791,-76.9013,84.16,74,0,8.05,US,2022-05-31 23:23:37
156,Castanos,26.7833,-101.4167,98.35,22,40,28.77,MX,2022-05-31 23:23:37
157,Straumen,63.8709,11.2999,51.8,84,100,5.08,NO,2022-05-31 23:23:38
158,Berlevag,70.8578,29.0864,40.8,93,20,12.66,NO,2022-05-31 23:23:38
159,Airai,-8.9266,125.4092,62.96,85,100,1.03,TL,2022-05-31 23:23:38
160,Ontario,34.0633,-117.6509,90.41,39,0,14.97,US,2022-05-31 23:23:02
161,Pevek,69.7008,170.3133,34.03,88,100,1.81,RU,2022-05-31 23:22:13
162,Itabera,-23.8619,-49.1372,56.64,97,100,10.33,BR,2022-05-31 23:23:38
163,Lubigan,13.742,122.9373,78.67,86,99,1.86,PH,2022-05-31 23:23:39
164,Bilibino,68.0546,166.4372,59.18,47,74,6.11,RU,2022-05-31 23:23:39
165,Northam,51.0333,-4.2167,51.62,82,5,6.58,GB,2022-05-31 23:23:39
166,Hailar,49.2,119.7,55.51,44,97,4.47,CN,2022-05-31 23:23:39
167,Bintulu,3.1667,113.0333,77.41,94,20,3.44,MY,2022-05-31 23:23:40
168,Marsberg,51.4617,8.8495,51.35,92,44,3.27,DE,2022-05-31 23:23:40
169,Lompoc,34.6391,-120.4579,79.02,62,0,21.99,US,2022-05-31 23:23:40
170,Itarema,-2.9248,-39.9167,78.33,83,22,10.85,BR,2022-05-31 23:23:41
171,Hilo,19.7297,-155.09,90.28,71,0,8.05,US,2022-05-31 23:23:41
172,Kyra,49.5776,111.9753,54.7,57,27,7.49,RU,2022-05-31 23:23:41
173,Machaneng,-23.1862,27.4886,51.55,19,0,6.29,BW,2022-05-31 23:23:41
174,Ulladulla,-35.35,150.4667,49.1,55,1,17.9,AU,2022-05-31 23:23:42
175,Christchurch,-43.5333,172.6333,59.41,79,88,10.36,NZ,2022-05-31 23:23:42
176,Roma,43.2128,-75.4557,84.34,54,0,8.05,US,2022-05-31 23:21:21
177,Petropavlovsk-Kamchatskiy,53.0452,158.6483,45.19,71,75,4.47,RU,2022-05-31 23:24:42
178,Yellowknife,62.456,-114.3525,63.12,25,20,9.22,CA,2022-05-31 23:24:42
179,Namibe,-15.1961,12.1522,71.33,63,0,3.49,AO,2022-05-31 23:24:43
180,Batticaloa,7.7102,81.6924,79.84,70,100,7.76,LK,2022-05-31 23:24:43
181,Brae,60.3964,-1.353,47.79,83,80,5.5,GB,2022-05-31 23:24:43
182,Carnarvon,-24.8667,113.6333,56.37,75,0,17.09,AU,2022-05-31 23:24:43
183,Anadyr,64.75,177.4833,46.9,71,68,8.95,RU,2022-05-31 23:24:44
184,Laguna,38.421,-121.4238,91.49,16,0,13.8,US,2022-05-31 23:23:45
185,Meulaboh,4.1363,96.1285,76.84,82,100,2.13,ID,2022-05-31 23:24:44
186,Kaitangata,-46.2817,169.8464,52.92,74,100,4.14,NZ,2022-05-31 23:24:44
187,Kavieng,-2.5744,150.7967,82.89,66,19,5.44,PG,2022-05-31 23:24:45
188,Puerto Baquerizo Moreno,-0.9,-89.6,74.39,83,100,3.44,EC,2022-05-31 23:22:42
189,Bandarbeyla,9.4942,50.8122,79.95,75,22,20.24,SO,2022-05-31 23:24:45
190,Puerto Del Rosario,28.5004,-13.8627,73.15,68,0,8.05,ES,2022-05-31 23:24:45
191,Gravdal,68.1214,13.5031,54.36,73,85,8.48,NO,2022-05-31 23:23:38
192,Yumen,40.2833,97.2,63.09,21,87,8.08,CN,2022-05-31 23:24:45
193,Vigeland,58.0844,7.305,51.94,86,73,4.36,NO,2022-05-31 23:24:46
194,Aripuana,-9.1667,-60.6333,79.52,53,16,1.63,BR,2022-05-31 23:24:46
195,Taltal,-25.4,-70.4833,56.25,81,17,1.07,CL,2022-05-31 23:24:46
196,Bonavista,48.6499,-53.1147,41.86,91,100,20.13,CA,2022-05-31 23:24:46
197,Tamworth,52.634,-1.6959,48.52,87,25,1.99,GB,2022-05-31 23:24:47
198,Portales,34.1862,-103.3344,95.32,7,0,14.99,US,2022-05-31 23:24:47
199,Salinopolis,-0.6136,-47.3561,78.58,85,100,10.29,BR,2022-05-31 23:24:47
200,Eyl,7.9803,49.8164,79.74,77,69,16.87,SO,2022-05-31 23:24:47
201,Oranjemund,-28.55,16.4333,56.52,50,0,6.17,NA,2022-05-31 23:24:48
202,Souillac,-20.5167,57.5167,73.78,60,40,11.5,MU,2022-05-31 23:24:48
203,Nisia Floresta,-6.0911,-35.2086,79.18,92,16,4.99,BR,2022-05-31 23:24:48
204,Boa Vista,2.8197,-60.6733,75.18,88,100,6.91,BR,2022-05-31 23:24:48
205,Bilma,18.6853,12.9164,89.06,7,20,7.47,NE,2022-05-31 23:24:49
206,Burns Lake,54.2331,-125.7533,69.22,25,97,4.45,CA,2022-05-31 23:24:49
207,Puerto Ayacucho,5.6639,-67.6236,76.39,90,98,4.14,VE,2022-05-31 23:23:43
208,Sao Jose Da Coroa Grande,-8.8978,-35.1478,76.82,86,6,6.17,BR,2022-05-31 23:24:49
209,Touros,-5.1989,-35.4608,77.92,83,23,8.55,BR,2022-05-31 23:24:49
210,Swan Hill,-35.3378,143.5544,45.36,70,0,13.87,AU,2022-05-31 23:24:50
211,Borogontsy,62.6683,131.1683,52.79,85,100,8.77,RU,2022-05-31 23:24:50
212,Mago,53.2514,140.1822,57.0,59,100,5.37,RU,2022-05-31 23:24:50
213,Gorin,51.1983,136.6669,50.36,94,100,3.83,RU,2022-05-31 23:24:50
214,Butaritari,3.0707,172.7902,81.07,77,27,9.89,KI,2022-05-31 23:22:23
215,Briancon,44.9,6.65,53.35,92,81,3.58,FR,2022-05-31 23:24:51
216,Nioro,13.35,-15.75,81.82,54,67,9.84,GM,2022-05-31 23:24:51
217,Buenaventura,3.8801,-77.0312,76.42,93,98,4.21,CO,2022-05-31 23:24:51
218,Nabire,-3.3667,135.4833,78.04,85,89,3.94,ID,2022-05-31 23:21:58
219,Aswan,24.0934,32.907,88.23,16,20,12.21,EG,2022-05-31 23:24:51
220,Sungaipenuh,-2.0833,101.3833,61.03,95,37,2.13,ID,2022-05-31 23:24:52
221,Sinop,41.7711,34.8709,59.76,83,88,2.35,TR,2022-05-31 23:24:52
222,Lata,40.1629,-8.3327,60.73,93,76,3.22,PT,2022-05-31 23:24:52
223,Altay,47.8667,88.1167,56.26,88,100,3.49,CN,2022-05-31 23:24:52
224,Ilulissat,69.2167,-51.1,33.82,80,75,6.91,GL,2022-05-31 23:24:53
225,Sitka,57.0531,-135.33,51.69,82,100,10.36,US,2022-05-31 23:24:53
226,Maturin,9.75,-63.1767,80.17,61,100,8.97,VE,2022-05-31 23:25:53
227,Tuatapere,-46.1333,167.6833,54.79,78,100,4.97,NZ,2022-05-31 23:25:53
228,Puerto Ayora,-0.7393,-90.3518,73.38,85,85,10.36,EC,2022-05-31 23:23:44
229,Uyuni,-20.4597,-66.825,39.52,28,39,25.23,BO,2022-05-31 23:25:54
230,Banamba,13.55,-7.45,86.99,43,89,21.63,ML,2022-05-31 23:25:54
231,Bengkulu,-3.8004,102.2655,74.57,91,100,4.9,ID,2022-05-31 23:25:54
232,Sao Filipe,14.8961,-24.4956,75.92,76,10,12.19,CV,2022-05-31 23:25:55
233,Khatanga,71.9667,102.5,37.27,72,100,9.1,RU,2022-05-31 23:25:55
234,Dossor,47.5272,52.9811,71.74,33,3,12.33,KZ,2022-05-31 23:25:55
235,Araouane,18.9048,-3.5265,94.39,20,99,7.83,ML,2022-05-31 23:25:55
236,Port Lincoln,-34.7333,135.8667,54.54,62,99,9.04,AU,2022-05-31 23:25:55
237,Upernavik,72.7868,-56.1549,26.85,77,26,9.13,GL,2022-05-31 23:25:56
238,Ust-Nera,64.5667,143.2,53.64,69,100,4.59,RU,2022-05-31 23:25:56
239,Urupes,-21.2017,-49.29,78.13,82,100,8.16,BR,2022-05-31 23:25:56
240,Skjervoy,70.0311,20.9714,51.8,67,9,16.37,NO,2022-05-31 23:22:13
241,Palmer,42.1584,-72.3287,76.55,59,75,9.22,US,2022-05-31 23:25:57
242,Pangnirtung,66.1451,-65.7125,31.73,92,83,1.83,CA,2022-05-31 23:25:57
243,Mareeba,-17.0,145.4333,72.48,95,57,2.39,AU,2022-05-31 23:25:57
244,Bulgan,48.8125,103.5347,58.48,47,78,0.58,MN,2022-05-31 23:25:57
245,Imbituba,-28.24,-48.6703,58.86,86,69,5.21,BR,2022-05-31 23:23:38
246,Matagami,49.7502,-77.6328,62.91,42,84,11.1,CA,2022-05-31 23:25:58
247,Pitea,65.3172,21.4794,53.69,97,100,12.33,SE,2022-05-31 23:25:58
248,Beroroha,-21.6667,45.1667,60.08,57,0,3.22,MG,2022-05-31 23:25:58
249,Quatre Cocos,-20.2078,57.7625,74.08,65,90,15.61,MU,2022-05-31 23:25:58
250,Pasni,25.2631,63.471,81.21,84,1,12.73,PK,2022-05-31 23:25:59
251,San Andres,12.5847,-81.7006,84.22,79,75,9.22,CO,2022-05-31 23:24:14
252,Wattegama,6.7989,81.4808,75.27,80,100,7.34,LK,2022-05-31 23:25:59
253,Padang,-0.9492,100.3543,73.45,89,42,3.89,ID,2022-05-31 23:25:59
254,Huarmey,-10.0681,-78.1522,64.83,81,57,9.01,PE,2022-05-31 23:25:59
255,Shinjo,38.7586,140.3008,64.45,94,99,9.26,JP,2022-05-31 23:26:00
256,Arraial Do Cabo,-22.9661,-42.0278,72.7,89,94,4.45,BR,2022-05-31 23:26:00
257,Vila Franca Do Campo,37.7167,-25.4333,60.19,82,45,15.39,PT,2022-05-31 23:22:28
258,Ambulu,-8.345,113.6058,75.78,90,97,3.38,ID,2022-05-31 23:26:00
259,Bikin,46.8161,134.26,53.24,86,80,6.78,RU,2022-05-31 23:26:01
260,Kiama,-34.6833,150.8667,52.57,56,1,8.99,AU,2022-05-31 23:26:01
261,Lorengau,-2.0226,147.2712,81.59,72,55,5.91,PG,2022-05-31 23:23:45
262,Viedma,-40.8135,-62.9967,41.68,67,18,8.41,AR,2022-05-31 23:26:01
263,Carlagan,14.975,122.0456,81.9,79,100,7.63,PH,2022-05-31 23:23:25
264,Nishihara,26.1842,127.7558,78.46,100,75,17.27,JP,2022-05-31 23:26:02
265,Gigmoto,13.7796,124.39,83.12,83,100,11.74,PH,2022-05-31 23:26:02
266,Kailua,21.4022,-157.7394,84.18,67,75,13.8,US,2022-05-31 23:26:02
267,Camias,15.1736,120.9651,83.82,78,100,2.44,PH,2022-05-31 23:26:02
268,Bairiki,1.3292,172.9752,86.0,70,40,8.05,KI,2022-05-31 23:26:03
269,Hasaki,35.7333,140.8333,72.28,69,76,4.36,JP,2022-05-31 23:26:03
270,Harper,4.375,-7.7169,78.19,84,50,7.92,LR,2022-05-31 23:26:03
271,Mehamn,71.0357,27.8492,39.11,73,77,9.19,NO,2022-05-31 23:26:04
272,Toul,48.6667,5.9167,54.52,69,0,4.61,FR,2022-05-31 23:26:04
273,Ilhabela,-23.7781,-45.3581,68.09,92,100,4.03,BR,2022-05-31 23:26:04
274,Sembe,1.6481,14.5806,69.53,97,83,0.2,CG,2022-05-31 23:26:04
275,Chumikan,54.7183,135.315,33.78,98,100,11.95,RU,2022-05-31 23:27:05
276,Vysokogornyy,50.1167,139.15,43.07,93,100,5.48,RU,2022-05-31 23:27:05
277,Hammerfest,70.6634,23.6821,50.45,53,0,4.61,NO,2022-05-31 23:27:05
278,Itoman,26.1247,127.6694,79.18,100,75,13.8,JP,2022-05-31 23:25:14
279,Komsomolskiy,40.4272,71.7189,61.52,67,0,6.91,UZ,2022-05-31 23:27:06
280,Jacareacanga,-6.2222,-57.7528,79.63,67,87,2.68,BR,2022-05-31 23:27:06
281,Havre-Saint-Pierre,50.2334,-63.5986,52.16,46,0,19.57,CA,2022-05-31 23:25:07
282,Ubinskoye,55.3068,79.6802,47.41,95,1,8.37,RU,2022-05-31 23:27:07
283,Chute-Aux-Outardes,49.1168,-68.399,49.98,62,0,6.91,CA,2022-05-31 23:27:07
284,Damghan,36.1683,54.348,70.29,32,11,1.77,IR,2022-05-31 23:27:07
285,Saint Anthony,45.0205,-93.218,65.35,69,100,18.41,US,2022-05-31 23:27:08
286,Amahai,-3.3333,128.9167,80.38,82,97,2.28,ID,2022-05-31 23:27:08
287,Bibiani,6.4635,-2.3194,71.91,99,100,2.08,GH,2022-05-31 23:27:08
288,Varnamo,57.186,14.04,47.26,94,9,3.87,SE,2022-05-31 23:27:09
289,Saquena,-4.6667,-73.5167,74.17,95,82,1.21,PE,2022-05-31 23:23:10
290,Flin Flon,54.7682,-101.865,51.64,50,75,16.11,CA,2022-05-31 23:27:09
291,Ucluelet,48.9329,-125.5528,61.11,76,56,3.0,CA,2022-05-31 23:27:09
292,Enshi,30.3,109.4833,71.69,93,82,1.12,CN,2022-05-31 23:27:10
293,Vagur,61.4732,-6.8119,47.41,89,4,6.67,FO,2022-05-31 23:27:10
294,Pacific Grove,36.6177,-121.9166,72.34,67,0,10.36,US,2022-05-31 23:27:10
295,Batagay-Alyta,67.8006,130.4114,37.0,98,100,1.23,RU,2022-05-31 23:27:10
296,Port Hardy,50.6996,-127.4199,57.38,77,75,5.75,CA,2022-05-31 23:27:11
297,Baie-Comeau,49.2168,-68.1489,49.68,62,0,6.91,CA,2022-05-31 23:27:11
298,Mahebourg,-20.4081,57.7,74.25,60,40,11.5,MU,2022-05-31 23:27:12
299,Sztum,53.9208,19.0307,54.34,79,87,6.49,PL,2022-05-31 23:27:12
300,Dehui,44.5333,125.7,62.55,47,19,5.53,CN,2022-05-31 23:27:12
301,Mayumba,-3.432,10.6554,72.46,93,11,1.99,GA,2022-05-31 23:27:13
302,Vardo,70.3705,31.1107,42.33,90,85,8.37,NO,2022-05-31 23:27:13
303,Okhotsk,59.3833,143.3,41.11,83,100,7.49,RU,2022-05-31 23:27:13
304,Deputatskiy,69.3,139.9,42.96,92,98,3.56,RU,2022-05-31 23:27:14
305,Matam,15.6175,-13.3303,99.64,20,56,7.67,SN,2022-05-31 23:27:15
306,Faanui,-16.4833,-151.75,79.57,76,100,16.06,PF,2022-05-31 23:27:15
307,Port Shepstone,-30.7414,30.455,57.63,55,9,9.86,ZA,2022-05-31 23:27:15
308,Neftcala,39.3742,49.2472,67.93,58,5,3.8,AZ,2022-05-31 23:27:16
309,Farakka,24.8167,87.9,84.42,71,0,5.93,IN,2022-05-31 23:27:16
310,Abu Dhabi,24.4667,54.3667,80.96,82,0,3.27,AE,2022-05-31 23:26:05
311,Arcata,40.8665,-124.0828,66.2,69,0,4.61,US,2022-05-31 23:27:17
312,Belyy Yar,53.6039,91.3903,57.85,76,0,0.0,RU,2022-05-31 23:27:17
313,Bathsheba,13.2167,-59.5167,81.21,74,20,11.5,BB,2022-05-31 23:27:17
314,Lushnje,40.9419,19.705,68.76,66,67,2.55,AL,2022-05-31 23:27:18
315,Bay Roberts,47.5999,-53.2648,42.66,89,100,5.01,CA,2022-05-31 23:27:18
316,Brigantine,39.4101,-74.3646,91.6,51,0,9.22,US,2022-05-31 23:24:58
317,Garoua Boulai,5.8833,14.55,64.69,93,84,1.79,CM,2022-05-31 23:27:19
318,Saint-Pierre,-21.3393,55.4781,69.91,73,0,8.05,RE,2022-05-31 23:28:19
319,Raudeberg,61.9875,5.1352,52.47,90,100,13.51,NO,2022-05-31 23:28:19
320,Cabinda,-5.55,12.2,73.58,92,10,2.48,AO,2022-05-31 23:28:19
321,Pudozh,61.8099,36.5345,55.09,82,98,3.85,RU,2022-05-31 23:28:20
322,Taoudenni,22.6783,-3.9836,95.04,8,76,11.23,ML,2022-05-31 23:28:20
323,Cidreira,-30.1811,-50.2056,48.56,76,54,5.26,BR,2022-05-31 23:28:20
324,Grand Gaube,-20.0064,57.6608,74.37,58,63,8.99,MU,2022-05-31 23:28:21
325,Margate,51.3813,1.3862,51.31,88,92,1.99,GB,2022-05-31 23:28:21
326,Dunedin,-45.8742,170.5036,54.81,63,100,8.99,NZ,2022-05-31 23:28:21
327,Foz Do Iguacu,-25.5478,-54.5881,58.12,77,75,3.44,BR,2022-05-31 23:28:22
328,Salamiyah,35.0113,37.0532,70.75,49,0,7.58,SY,2022-05-31 23:28:22
329,Mogadishu,2.0371,45.3438,79.68,80,9,18.41,SO,2022-05-31 23:28:22
330,Tabas,33.5959,56.9244,74.25,19,0,5.37,IR,2022-05-31 23:28:22
331,Faya,18.3851,42.4509,70.38,34,40,3.67,SA,2022-05-31 23:28:23
332,Hobyo,5.3505,48.5268,78.22,85,40,27.0,SO,2022-05-31 23:28:23
333,Inyonga,-6.7167,32.0667,67.64,63,95,5.75,TZ,2022-05-31 23:27:14
334,Jumla,29.2747,82.1838,52.03,70,5,4.05,NP,2022-05-31 23:28:23
335,Poum,-20.2333,164.0167,79.45,79,82,4.7,NC,2022-05-31 23:28:24
336,Paita,-5.0892,-81.1144,67.17,76,84,15.23,PE,2022-05-31 23:28:24
337,Tigil,57.8,158.6667,50.02,57,95,6.85,RU,2022-05-31 23:28:24
338,Grindavik,63.8424,-22.4338,49.95,100,100,8.05,IS,2022-05-31 23:28:24
339,Honiara,-9.4333,159.95,84.78,68,93,1.12,SB,2022-05-31 23:28:25
340,Tocache,-8.1842,-76.5125,74.26,88,72,1.54,PE,2022-05-31 23:28:25
341,Sambava,-14.2667,50.1667,67.82,86,3,8.86,MG,2022-05-31 23:28:25
342,Katubao,5.8892,124.8294,81.88,76,92,4.9,PH,2022-05-31 23:28:26
343,Tessalit,20.1986,1.0114,91.81,25,77,14.43,ML,2022-05-31 23:28:26
344,Miandrivazo,-19.5167,45.4667,64.78,60,1,2.17,MG,2022-05-31 23:28:26
345,Somerset East,-32.7217,25.588,47.25,34,6,7.76,ZA,2022-05-31 23:28:26
346,Ahuimanu,21.4447,-157.8378,83.91,65,75,14.97,US,2022-05-31 23:28:27
347,Nanortalik,60.1432,-45.2371,38.25,88,100,7.4,GL,2022-05-31 23:28:27
348,Careiro Da Varzea,-3.2003,-59.8119,79.43,93,99,3.29,BR,2022-05-31 23:28:27
349,Mangrol,21.1167,70.1167,80.35,82,71,10.92,IN,2022-05-31 23:28:27
350,Huilong,31.8111,121.655,73.92,95,100,10.71,CN,2022-05-31 23:28:28
351,Husavik,66.0449,-17.3389,45.88,88,86,6.4,IS,2022-05-31 23:28:28
352,Moose Factory,51.2585,-80.6094,71.6,40,40,21.85,CA,2022-05-31 23:28:28
353,Chuzhou,32.3219,118.2978,76.51,79,100,4.34,CN,2022-05-31 23:28:28
354,Thompson,55.7435,-97.8558,41.16,81,100,9.22,CA,2022-05-31 23:28:29
355,Fomboni,-12.28,43.7425,80.26,63,39,12.93,KM,2022-05-31 23:28:29
356,Porto Santo,33.072,-16.3415,66.58,72,40,11.5,PT,2022-05-31 23:28:29
357,Lagos,6.5833,3.75,76.73,87,100,1.86,NG,2022-05-31 23:26:18
358,Yaan,7.3833,8.5667,76.06,85,100,3.94,NG,2022-05-31 23:28:30
359,Sisimiut,66.9395,-53.6735,36.14,64,3,19.28,GL,2022-05-31 23:28:30
360,Mattru,7.6244,-11.8332,74.77,96,57,1.77,SL,2022-05-31 23:28:30
361,Marzuq,14.4,46.4667,76.78,27,25,3.87,YE,2022-05-31 23:28:30
362,Tallahassee,30.4383,-84.2807,91.24,47,75,5.75,US,2022-05-31 23:26:58
363,Mahibadhoo,3.7833,72.9667,81.82,76,100,16.8,MV,2022-05-31 23:29:31
364,Klaksvik,62.2266,-6.589,41.92,87,36,3.78,FO,2022-05-31 23:29:31
365,Navrongo,10.8956,-1.0921,85.8,56,94,7.65,GH,2022-05-31 23:29:31
366,Placido De Castro,-10.3353,-67.1856,77.56,77,68,1.81,BR,2022-05-31 23:29:32
367,Te Anau,-45.4167,167.7167,50.72,89,99,2.24,NZ,2022-05-31 23:26:23
368,Upington,-28.4478,21.2561,37.78,60,0,3.44,ZA,2022-05-31 23:29:32
369,Lishu,43.3047,124.3278,62.06,52,49,8.72,CN,2022-05-31 23:29:32
370,Baghmara,23.795,86.2085,85.1,71,2,7.63,IN,2022-05-31 23:29:32
371,Alofi,-19.0595,-169.9187,78.69,78,40,11.5,NU,2022-05-31 23:29:33
372,Antofagasta,-23.65,-70.4,58.28,84,44,2.19,CL,2022-05-31 23:29:33
373,Bosaso,11.2842,49.1816,87.28,47,35,6.22,SO,2022-05-31 23:29:33
374,Asau,46.4333,26.4,58.95,100,67,1.48,RO,2022-05-31 23:29:33
375,Lagoa,39.05,-27.9833,60.22,84,2,17.43,PT,2022-05-31 23:29:34
376,Taft,31.7471,54.2088,66.74,11,0,3.78,IR,2022-05-31 23:29:34
377,Santa Isabel Do Rio Negro,-0.4139,-65.0192,73.54,98,100,2.51,BR,2022-05-31 23:29:34
378,Iskateley,67.6803,53.1512,38.19,82,52,8.72,RU,2022-05-31 23:29:34
379,Sabang,5.8933,95.3214,81.91,74,90,23.04,ID,2022-05-31 23:29:35
380,Buala,-8.145,159.5921,84.16,69,98,2.28,SB,2022-05-31 23:25:11
381,Talnakh,69.4865,88.3972,33.21,88,99,12.19,RU,2022-05-31 23:27:35
382,Kaduqli,11.0167,29.7167,88.95,38,89,7.63,SD,2022-05-31 23:29:35
383,Lavrentiya,65.5833,-171.0,40.59,78,100,6.55,RU,2022-05-31 23:29:35
384,Belgaum,15.8667,74.5,69.44,86,27,7.02,IN,2022-05-31 23:29:35
385,Esso,55.9333,158.7,39.15,98,100,2.82,RU,2022-05-31 23:29:36
386,Bezopasnoye,45.6483,41.936,67.89,77,99,4.07,RU,2022-05-31 23:29:36
387,Cheney,47.4874,-117.5758,73.31,33,75,5.75,US,2022-05-31 23:25:32
388,Shizunai,42.3339,142.3669,51.44,94,100,2.68,JP,2022-05-31 23:29:36
389,Fayaoue,-20.65,166.5333,79.12,81,64,7.29,NC,2022-05-31 23:29:37
390,Najran,17.4924,44.1277,76.77,18,2,2.3,SA,2022-05-31 23:29:37
391,Itupiranga,-5.1347,-49.3267,77.32,95,85,2.35,BR,2022-05-31 23:29:37
392,Ruidoso,33.3317,-105.673,84.06,9,0,14.97,US,2022-05-31 23:28:29
393,Richards Bay,-28.783,32.0377,58.05,59,6,9.46,ZA,2022-05-31 23:29:37
394,Clyde River,70.4692,-68.5914,34.03,75,100,4.61,CA,2022-05-31 23:28:20
395,Riyadh,24.6877,46.7219,84.56,11,0,6.98,SA,2022-05-31 23:29:38
396,Waddan,29.1614,16.139,82.89,19,75,13.49,LY,2022-05-31 23:29:38
397,Gizo,-8.103,156.8419,83.75,67,41,2.82,SB,2022-05-31 23:29:38
398,Marsa Matruh,31.3525,27.2453,69.48,85,2,10.69,EG,2022-05-31 23:29:38
399,Les Cayes,18.2,-73.75,80.94,76,90,5.93,HT,2022-05-31 23:29:39
400,Yenotayevka,47.2456,47.0281,71.22,39,14,6.93,RU,2022-05-31 23:29:39
401,Balkanabat,39.5108,54.3671,82.69,17,0,7.02,TM,2022-05-31 23:29:39
402,Vranjska Banja,42.555,21.9922,60.49,90,97,4.0,RS,2022-05-31 23:29:39
403,Mount Gambier,-37.8333,140.7667,48.18,70,80,9.48,AU,2022-05-31 23:29:40
404,Rio Grande,-32.035,-52.0986,47.64,60,100,6.13,BR,2022-05-31 23:29:40
405,Gladstone,-23.85,151.25,66.13,48,94,6.91,AU,2022-05-31 23:29:40
406,Pryazha,61.6926,33.6216,54.63,98,100,2.37,RU,2022-05-31 23:29:40
407,Kosonsoy,41.2561,71.5508,57.76,49,6,5.3,UZ,2022-05-31 23:29:41
408,Castlegar,49.2998,-117.6689,70.48,53,100,2.44,CA,2022-05-31 23:29:41
409,Ormiston,55.913,-2.9399,49.01,91,35,6.06,GB,2022-05-31 23:30:41
410,Amarpatan,24.3167,80.9833,88.27,16,54,2.66,IN,2022-05-31 23:30:41
411,Anshun,26.25,105.9333,66.6,92,95,2.13,CN,2022-05-31 23:30:42
412,Baglan,36.1307,68.7083,67.24,31,2,1.54,AF,2022-05-31 23:30:42
413,Ituporanga,-27.4144,-49.6025,53.31,99,100,2.57,BR,2022-05-31 23:30:42
414,Kurduvadi,18.0833,75.4333,82.65,52,97,11.83,IN,2022-05-31 23:30:42
415,Bowen,-20.0167,148.2333,71.87,40,99,7.52,AU,2022-05-31 23:30:43
416,Bereda,43.2686,-7.5406,58.57,100,98,2.84,ES,2022-05-31 23:30:43
417,Marienburg,54.0359,19.0266,53.89,93,87,1.39,PL,2022-05-31 23:30:43
418,Malchevskaya,49.0552,40.3625,63.88,91,98,12.12,RU,2022-05-31 23:30:43
419,Mbandaka,0.0487,18.2603,70.93,94,99,2.59,CD,2022-05-31 23:30:44
420,Erenhot,43.6475,111.9767,67.24,17,15,15.12,CN,2022-05-31 23:30:44
421,Snasa,64.2457,12.3778,52.93,88,99,4.83,NO,2022-05-31 23:30:44
422,Kashi,39.4547,75.9797,67.21,12,0,22.37,CN,2022-05-31 23:30:44
423,Muisne,0.6,-80.0333,75.63,87,99,12.1,EC,2022-05-31 23:30:45
424,Vestmannaeyjar,63.4427,-20.2734,48.76,92,100,12.01,IS,2022-05-31 23:30:45
425,Henties Bay,-22.116,14.2845,73.9,23,10,20.4,NA,2022-05-31 23:30:45
426,Rosarito,32.3333,-117.0333,75.67,64,6,6.53,MX,2022-05-31 23:30:45
427,Nemuro,43.3236,145.575,46.76,99,100,20.38,JP,2022-05-31 23:30:46
428,Trairi,-3.2778,-39.2689,77.47,86,15,7.85,BR,2022-05-31 23:27:03
429,North Bend,43.4065,-124.2243,73.24,80,0,19.57,US,2022-05-31 23:29:57
430,Horn Lake,34.9554,-90.0348,90.95,46,40,10.36,US,2022-05-31 23:30:46
431,Xuddur,4.1213,43.8894,71.55,79,16,17.74,SO,2022-05-31 23:30:46
432,Saint-Georges,12.0564,-61.7485,80.28,78,20,11.5,GD,2022-05-31 23:30:47
433,Barsi,18.2333,75.7,82.74,55,96,15.46,IN,2022-05-31 23:30:47
434,Trapani,37.8333,12.6667,76.28,83,0,2.3,IT,2022-05-31 23:30:47
435,Fairbanks,64.8378,-147.7164,80.02,21,0,5.75,US,2022-05-31 23:29:16
436,Naze,28.3667,129.4833,68.92,93,100,6.26,JP,2022-05-31 23:30:47
437,Carpenedolo,45.3645,10.4313,68.16,80,0,3.44,IT,2022-05-31 23:30:48
438,Tecoanapa,16.5167,-98.75,82.49,68,92,5.44,MX,2022-05-31 23:30:48
439,Taksimo,56.3444,114.8794,54.54,45,65,0.76,RU,2022-05-31 23:30:48
440,Trat,12.5,102.5,82.9,91,71,1.57,TH,2022-05-31 23:30:48
441,Narsaq,60.9167,-46.05,50.22,75,100,6.6,GL,2022-05-31 23:30:49
442,Ziro,27.6333,93.8333,57.61,96,71,1.12,IN,2022-05-31 23:30:49
443,Bagua Grande,-5.7561,-78.4411,79.14,68,97,4.61,PE,2022-05-31 23:30:49
444,Poya,-21.35,165.15,83.5,65,96,3.29,NC,2022-05-31 23:30:49
445,Mudgee,-32.5943,149.5871,42.78,72,95,13.62,AU,2022-05-31 23:30:50
446,Fortuna,40.5982,-124.1573,65.93,66,0,16.11,US,2022-05-31 23:30:01
447,Saint-Honore,48.5334,-71.0824,66.22,36,93,6.91,CA,2022-05-31 23:30:50
448,Gamba,-2.65,10.0,72.16,95,76,3.29,GA,2022-05-31 23:30:50
449,Pismo Beach,35.1428,-120.6413,86.45,45,0,18.41,US,2022-05-31 23:30:42
450,Umm Bab,25.2142,50.8072,80.62,55,0,9.69,QA,2022-05-31 23:30:50
451,Xiongyue,40.1774,122.1228,68.14,63,6,3.13,CN,2022-05-31 23:30:51
452,Axim,4.8699,-2.2405,77.29,86,73,5.28,GH,2022-05-31 23:30:51
453,La Ronge,55.1001,-105.2842,57.45,30,75,20.71,CA,2022-05-31 23:27:19
454,Guerrero Negro,27.9769,-114.0611,67.5,62,9,21.23,MX,2022-05-31 23:30:51
455,Chalmette,29.9427,-89.9634,86.0,68,40,13.8,US,2022-05-31 23:30:52
456,Leningradskiy,69.3833,178.4167,37.18,92,100,2.68,RU,2022-05-31 23:30:52
457,Shahreza,32.0339,51.8794,60.28,16,1,1.01,IR,2022-05-31 23:30:52
458,Opuwo,-18.0607,13.84,59.9,28,14,13.27,NA,2022-05-31 23:31:52
459,Takoradi,4.8845,-1.7554,78.31,84,85,6.67,GH,2022-05-31 23:31:53
460,Barra Do Garcas,-15.89,-52.2567,77.58,65,0,0.0,BR,2022-05-31 23:27:26
461,Kampot,10.6167,104.1833,80.65,89,94,6.22,KH,2022-05-31 23:28:37
462,Khilok,51.3674,110.4676,56.66,59,73,10.22,RU,2022-05-31 23:31:53
463,Anchorage,61.2181,-149.9003,74.64,30,0,6.91,US,2022-05-31 23:28:27
464,Presidencia Roque Saenz Pena,-26.7852,-60.4388,47.39,66,12,5.95,AR,2022-05-31 23:31:53
465,Seabra,-12.4186,-41.7703,64.81,89,22,3.4,BR,2022-05-31 23:31:53
466,Mandalgovi,45.7625,106.2708,64.2,24,65,9.24,MN,2022-05-31 23:31:54
467,Nouadhibou,20.931,-17.0347,71.58,78,89,23.02,MR,2022-05-31 23:31:54
468,Alta Floresta,-9.8756,-56.0861,74.61,53,29,3.2,BR,2022-05-31 23:31:54
469,Nong Han,17.3608,103.1053,82.02,83,100,3.71,TH,2022-05-31 23:31:54
470,Asfi,32.2994,-9.2372,66.0,89,0,7.25,MA,2022-05-31 23:31:55
471,Mateare,12.2351,-86.4281,80.58,84,95,7.65,NI,2022-05-31 23:31:55
472,Khasan,42.4308,130.6434,55.74,84,70,4.07,RU,2022-05-31 23:31:55
473,Alyangula,-13.8483,136.4192,80.62,64,85,13.82,AU,2022-05-31 23:31:55
474,Goderich,43.7501,-81.7165,79.12,57,74,13.8,CA,2022-05-31 23:31:56
475,Tommot,58.9564,126.2925,50.41,82,100,3.8,RU,2022-05-31 23:31:56
476,Beringovskiy,63.05,179.3167,39.27,77,23,4.34,RU,2022-05-31 23:29:03
477,Olavarria,-36.8927,-60.3225,41.02,62,0,4.74,AR,2022-05-31 23:27:42
478,Arman,59.7,150.1667,46.02,83,100,4.12,RU,2022-05-31 23:31:56
479,Aklavik,68.2191,-135.0107,37.4,70,75,9.22,CA,2022-05-31 23:31:57
480,Amalapuram,16.5833,82.0167,84.06,80,95,5.73,IN,2022-05-31 23:31:57
481,Umm Kaddadah,13.6017,26.6876,82.89,10,11,7.74,SD,2022-05-31 23:31:57
482,Kupang,-10.1667,123.5833,80.55,74,100,1.95,ID,2022-05-31 23:31:57
483,Okha,53.5739,142.9478,38.34,90,100,16.02,RU,2022-05-31 23:31:58
484,San Lawrenz,36.0553,14.204,74.86,60,34,3.0,MT,2022-05-31 23:31:58
485,Ocampo,21.65,-101.5,77.65,14,5,24.0,MX,2022-05-31 23:31:58
486,Tamano,34.4833,133.95,70.02,54,100,7.07,JP,2022-05-31 23:31:58
487,Kulhudhuffushi,6.6221,73.07,79.7,80,100,23.89,MV,2022-05-31 23:31:59
488,Cuamba,-14.8031,36.5372,62.28,77,86,5.32,MZ,2022-05-31 23:31:59
489,Luziania,-16.2525,-47.9503,73.09,51,100,4.34,BR,2022-05-31 23:31:59
490,Chabahar,25.2919,60.643,81.91,82,2,9.4,IR,2022-05-31 23:31:59
491,Khani,41.9563,42.9566,60.37,70,83,4.54,GE,2022-05-31 23:32:00
492,Kaeo,-35.1,173.7833,67.32,86,77,14.45,NZ,2022-05-31 23:32:00
493,Gull Lake,50.1001,-108.4847,59.94,27,8,14.79,CA,2022-05-31 23:32:00
494,Gambela,8.25,34.5833,69.91,98,100,2.44,ET,2022-05-31 23:32:01
495,Pochutla,15.7432,-96.4661,82.22,78,79,5.79,MX,2022-05-31 23:32:01
496,Bud,39.447,-86.1758,86.47,55,5,8.84,US,2022-05-31 23:28:53
497,Yinchuan,38.4681,106.2731,69.1,21,35,6.82,CN,2022-05-31 23:32:01
498,Bonthe,7.5264,-12.505,78.67,85,97,5.1,SL,2022-05-31 23:32:01
499,Tetela De Ocampo,19.8167,-97.8,65.82,86,85,6.91,MX,2022-05-31 23:32:02
500,Inhambane,-23.865,35.3833,67.6,60,2,15.95,MZ,2022-05-31 23:32:02
501,Semporna,4.4818,118.6112,80.47,80,42,1.1,MY,2022-05-31 23:29:44
502,Longhua,23.6137,114.1919,79.61,89,99,1.74,CN,2022-05-31 23:33:03
503,Port Macquarie,-31.4333,152.9167,60.89,48,5,12.68,AU,2022-05-31 23:32:53
504,Coari,-4.085,-63.1414,75.27,94,100,3.58,BR,2022-05-31 23:33:03
505,Kahului,20.8947,-156.47,84.22,65,40,27.63,US,2022-05-31 23:33:03
506,Eatonton,33.3268,-83.3885,87.08,65,68,2.91,US,2022-05-31 23:33:03
507,Lujan,-34.5703,-59.105,44.94,78,74,1.12,AR,2022-05-31 23:33:04
508,Beinamar,8.6698,15.3813,77.5,50,97,4.0,TD,2022-05-31 23:33:04
509,Klimovo,52.3805,32.1923,49.32,92,5,7.23,RU,2022-05-31 23:33:04
510,Broome,42.2506,-75.833,84.58,47,0,4.61,US,2022-05-31 23:33:04
511,Gawler,-34.6,138.7333,54.25,85,82,4.59,AU,2022-05-31 23:33:05
512,Montelupo Fiorentino,43.7308,11.0196,68.92,82,0,4.61,IT,2022-05-31 23:32:04
513,Nalut,30.3333,10.85,83.91,25,18,8.3,LY,2022-05-31 23:33:05
514,Hurricane,37.1753,-113.2899,86.34,13,0,10.22,US,2022-05-31 23:33:05
515,Tokur,53.1333,132.9,35.64,98,100,5.12,RU,2022-05-31 23:33:06
516,Nuevo Progreso,23.1667,-97.95,87.55,60,5,8.01,MX,2022-05-31 23:33:06
517,Tautira,-17.7333,-149.15,79.05,79,99,17.69,PF,2022-05-31 23:31:43
518,Alice Springs,-23.7,133.8833,47.75,100,100,10.36,AU,2022-05-31 23:33:06
519,Dwarka,22.2394,68.9678,80.35,85,28,13.8,IN,2022-05-31 23:33:06
520,Grand-Santi,4.25,-54.3833,71.74,99,100,2.35,GF,2022-05-31 23:33:07
521,Cayenne,4.9333,-52.3333,78.1,1,100,0.0,GF,2022-05-31 23:30:07
522,Kaspiysk,42.8816,47.6392,59.18,77,29,2.24,RU,2022-05-31 23:33:07
523,Aksarka,66.5606,67.7975,37.06,75,48,22.03,RU,2022-05-31 23:33:07
524,Donauworth,48.7,10.8,56.1,92,67,4.7,DE,2022-05-31 23:33:07
525,Benghazi,32.1167,20.0667,75.15,47,3,8.99,LY,2022-05-31 23:33:08
526,Zaysan,47.4667,84.8667,59.95,70,100,8.97,KZ,2022-05-31 23:33:08
527,Aviles,43.5547,-5.9248,60.17,93,0,3.44,ES,2022-05-31 23:32:01
528,Vao,-22.6667,167.4833,76.39,85,29,9.69,NC,2022-05-31 23:33:08
529,Seoul,37.5683,126.9778,71.17,40,0,6.91,KR,2022-05-31 23:33:09
530,Astana,51.1801,71.446,49.95,93,75,11.18,KZ,2022-05-31 23:33:09
